{
    "timestamp": "2025-08-15T11:08:49.197117",
    "daily_trades": 3,
    "daily_profit": -43258.2635,
    "wins": 1,
    "losses": 3,
    "hedges_placed": 1,
    "hedges_avoided": 2,
    "trend_scores": {
        "EURUSD": {
            "score": 0,
            "direction": "DOWN",
            "strength": 0.59153024689289
        },
        "USDJPY": {
            "score": 0,
            "direction": "DOWN",
            "strength": 0.60066269766439
        },
        "GBPUSD": {
            "score": 0,
            "direction": "DOWN",
            "strength": 0.6231002627565865
        },
        "USDCHF": {
            "score": 0,
            "direction": "LATERAL",
            "strength": 0.007177268707746829
        },
        "USDCAD": {
            "score": 0,
            "direction": "UP",
            "strength": 0.3251922744911209
        },
        "AUDUSD": {
            "score": 0,
            "direction": "DOWN",
            "strength": 0.3908738591495632
        },
        "NZDUSD": {
            "score": 0,
            "direction": "DOWN",
            "strength": 0.6310467436783436
        },
        "USNDAQ100": {
            "score": 0,
            "direction": "LATERAL",
            "strength": 0.12333948547768697
        },
        "US2000": {
            "score": 0,
            "direction": "UP",
            "strength": 0.10025514001623298
        },
        "TESLA": {
            "score": 0,
            "direction": "UP",
            "strength": 0.0428215010996957
        },
        "SNAP": {
            "score": 0,
            "direction": "DOWN",
            "strength": 0.0007117922607059973
        },
        "Amazon": {
            "score": 0,
            "direction": "UP",
            "strength": 0.4549058901662917
        },
        "GOOGLE": {
            "score": 0,
            "direction": "UP",
            "strength": 0.19020120399370116
        },
        "ALIBABA": {
            "score": 0,
            "direction": "DOWN",
            "strength": 0.47009063745443075
        },
        "Apple": {
            "score": 0,
            "direction": "UP",
            "strength": 0.43050334315090505
        },
        "MSFT": {
            "score": 0,
            "direction": "LATERAL",
            "strength": 0.04370602920595013
        },
        "ETHUSD": {
            "score": 0,
            "direction": "DOWN",
            "strength": 0.41153480483172467
        },
        "MATICUSD": {
            "score": 0,
            "direction": "UP",
            "strength": 0.3590064962104868
        },
        "NEARUSD": {
            "score": 0,
            "direction": "DOWN",
            "strength": 0.5758905680215417
        },
        "ATOMUSD": {
            "score": 0,
            "direction": "DOWN",
            "strength": 0.49823774159351286
        },
        "DOTUSD": {
            "score": 0,
            "direction": "DOWN",
            "strength": 0.3899989591038412
        },
        "ARBUSD": {
            "score": 0,
            "direction": "DOWN",
            "strength": 0.5564890843029893
        },
        "LINKUSD": {
            "score": 0,
            "direction": "DOWN",
            "strength": 0.6425846562126103
        },
        "NVDA/AMD": {
            "score": 0,
            "direction": "UP",
            "strength": 0.24550474561781396
        },
        "TESLA/FORD": {
            "score": 0,
            "direction": "LATERAL",
            "strength": 0.0007525099207340784
        },
        "META/GOOGLE": {
            "score": 0,
            "direction": "DOWN",
            "strength": 0.005954700063547889
        },
        "AMZN/ALIBABA": {
            "score": 0,
            "direction": "DOWN",
            "strength": 0.2227417476239908
        },
        "MSFT/AAPL": {
            "score": 0,
            "direction": "LATERAL",
            "strength": 0.259035722377048
        },
        "AMZN/EBAY": {
            "score": 0,
            "direction": "UP",
            "strength": 0.04352684474237652
        },
        "NFLX/AMZN": {
            "score": 0,
            "direction": "UP",
            "strength": 0.3687453351526025
        },
        "GOOGLE/MSFT": {
            "score": 0,
            "direction": "LATERAL",
            "strength": 0.04533759124999171
        },
        "INTEL/IBM": {
            "score": 0,
            "direction": "DOWN",
            "strength": 0.2472861298785015
        }
    },
    "last_window_traded": "10:30"
}